scenario,limit_mode,frequency_multiplier,severity_multiplier,design,mean,mean_mcse,sd,var95,var95_mcse,var99,var99_mcse,tvar99,tvar99_mcse,model_mean,model_sd,mean_check_z,simulated_claims
Sensitivity,Limited,0.5,1.0,A,46332.29923768079,16.683538597295566,11797.043276335196,66929.28001370786,41.75555527234937,76960.57117251573,80.17948392209048,82294.90409809402,103.6460094309538,46317.7420824234,11795.110089556372,0.8726890312282353,25811214
Sensitivity,Limited,0.5,1.0,B,46328.97292600408,13.325144258178634,9422.2998652471,62583.22061067414,32.60885685243785,70281.48493295169,61.28616935783529,74279.90432877044,77.29770738213544,46317.7420824234,9423.286578903238,0.8427426660377046,25811214
Sensitivity,Unlimited,0.5,1.0,A,46332.29923768079,16.683538597295566,11797.043276335196,66929.28001370786,41.75555527234937,76960.57117251573,80.17948392209048,82294.90409809402,103.6460094309538,46317.7420824234,11795.110089556372,0.8726890312282353,25811214
Sensitivity,Unlimited,0.5,1.0,B,46328.97292600408,13.325144258178634,9422.2998652471,62583.22061067414,32.60885685243785,70281.48493295169,61.28616935783529,74279.90432877044,77.29770738213544,46317.7420824234,9423.286578903238,0.8427426660377046,25811214
Sensitivity,Limited,0.5,1.05,A,50189.28952484917,17.806548717827493,12591.131347904444,72146.60724520871,44.12423237522673,82838.30267753295,85.82076991680854,88501.03619988948,110.00036176157255,50173.879999396,12589.258315779583,0.8655140493182691,25811214
Sensitivity,Limited,0.5,1.05,B,49006.1482857474,14.047911069122014,9933.37317848174,66138.3775609836,34.55105606151342,74258.61763291547,65.77030951883428,78462.77090824948,81.33631539850035,48994.29749145605,9934.423908796085,0.8435091035767399,25811214
Sensitivity,Unlimited,0.5,1.05,A,50189.28952484917,17.806548717827493,12591.131347904444,72146.60724520871,44.12423237522673,82838.30267753295,85.82076991680854,88501.03619988948,110.00036176157255,50173.879999396,12589.258315779583,0.8655140493182691,25811214
Sensitivity,Unlimited,0.5,1.05,B,49006.1482857474,14.047911069122014,9933.37317848174,66138.3775609836,34.55105606151342,74258.61763291547,65.77030951883428,78462.77090824948,81.33631539850035,48994.29749145605,9934.423908796085,0.8435091035767399,25811214
Sensitivity,Limited,0.5,1.1,A,54087.27776952866,18.933583014826272,13388.064941942095,77398.02124583215,47.00499904141699,88719.99558564399,92.06236021232696,94755.2716195241,116.82191834147675,54071.0998952559,13386.350783347443,0.8545633375810607,25811214
Sensitivity,Limited,0.5,1.1,B,51685.25000600437,14.770869179421554,10444.581760788356,69697.08126483281,36.23396953736067,78233.39381873375,68.36211543624624,82647.90653740558,85.42298713539421,51672.784703194164,10445.69356852669,0.8438214359644565,25811214
Sensitivity,Unlimited,0.5,1.1,A,54087.27776952866,18.933583014826272,13388.064941942095,77398.02124583215,47.00499904141699,88719.99558564399,92.06236021232696,94755.2716195241,116.82191834147675,54071.0998952559,13386.350783347443,0.8545633375810607,25811214
Sensitivity,Unlimited,0.5,1.1,B,51685.25000600437,14.770869179421554,10444.581760788356,69697.08126483281,36.23396953736067,78233.39381873375,68.36211543624624,82647.90653740558,85.42298713539421,51672.784703194164,10445.69356852669,0.8438214359644565,25811214
Sensitivity,Limited,0.5,1.15,A,58021.768864734724,20.064352407192217,14187.639647242246,82708.42403470063,50.70051161983625,94695.42916746807,97.9144106971566,101051.89051015738,123.13667662885439,58004.79372526363,14186.03462519704,0.8461304761145835,25811214
Sensitivity,Limited,0.5,1.15,B,54366.02837737011,15.493990247937626,10955.905571954932,73257.54607087786,37.91440567938044,82195.60956660626,72.3418697067051,86834.97566268948,89.65939761184866,54352.94663174977,10957.078370230467,0.8442205782729066,25811214
Sensitivity,Unlimited,0.5,1.15,A,58021.768864734724,20.064352407192217,14187.639647242246,82708.42403470063,50.70051161983625,94695.42916746807,97.9144106971566,101051.89051015738,123.13667662885439,58004.79372526363,14186.03462519704,0.8461304761145835,25811214
Sensitivity,Unlimited,0.5,1.15,B,54366.02837737011,15.493990247937626,10955.905571954932,73257.54607087786,37.91440567938044,82195.60956660626,72.3418697067051,86834.97566268948,89.65939761184866,54352.94663174977,10957.078370230467,0.8442205782729066,25811214
Sensitivity,Limited,0.5,1.2,A,61988.82874326613,21.19840262953692,14989.534249668297,88053.76964677633,55.182908918962355,100686.75602053829,103.05793590599778,107386.58241351962,129.68705489696592,61970.998413698835,14988.010705791228,0.8412021578657066,25811214
Sensitivity,Limited,0.5,1.2,B,57048.26521363464,16.21724959713749,11467.327162330725,76817.03145292761,39.61394637146682,86177.06670115083,76.91214934553368,91023.71306418219,93.71662028089641,57034.56918229083,11468.56396867846,0.8444437041116094,25811214
Sensitivity,Unlimited,0.5,1.2,A,61988.82874326613,21.19840262953692,14989.534249668297,88053.76964677633,55.182908918962355,100686.75602053829,103.05793590599778,107386.58241351962,129.68705489696592,61970.998413698835,14988.010705791228,0.8412021578657066,25811214
Sensitivity,Unlimited,0.5,1.2,B,57048.26521363464,16.21724959713749,11467.327162330725,76817.03145292761,39.61394637146682,86177.06670115083,76.91214934553368,91023.71306418219,93.71662028089641,57034.56918229083,11468.56396867846,0.8444437041116094,25811214
Sensitivity,Limited,0.5,1.25,A,65985.05041217469,22.33525147416136,15793.40777688633,93429.87501931537,57.122046459673385,106699.772119704,110.34765575099155,113755.26886331268,136.37576887181328,65966.28953715663,15792.023834971335,0.8400406486780068,25811214
Sensitivity,Limited,0.5,1.25,B,59731.787706644274,16.940635756565268,11978.838421078599,80382.03902594435,41.59194137045399,90151.88570189776,79.97656432943906,95213.96614694792,97.8582311677259,59717.47270715798,11980.138298374442,0.8449178930444106,25811214
Sensitivity,Unlimited,0.5,1.25,A,65985.05041217469,22.33525147416136,15793.40777688633,93429.87501931537,57.122046459673385,106699.772119704,110.34765575099155,113755.26886331268,136.37576887181328,65966.28953715663,15792.023834971335,0.8400406486780068,25811214
Sensitivity,Unlimited,0.5,1.25,B,59731.787706644274,16.940635756565268,11978.838421078599,80382.03902594435,41.59194137045399,90151.88570189776,79.97656432943906,95213.96614694792,97.8582311677259,59717.47270715798,11980.138298374442,0.8449178930444106,25811214
Sensitivity,Limited,0.5,1.3,A,70007.36596492471,23.474677088135344,16599.10335518498,98825.93830658417,58.6759137173931,112768.60493151858,114.66103993747363,120154.20176896048,142.8117843826975,69987.69486886481,16597.855034301898,0.8380339139353815,25811214
Sensitivity,Limited,0.5,1.3,B,62416.43605659624,17.664131844956128,12490.427411341718,83948.1587563281,43.28975432389739,94120.08205466806,83.7359301142767,99405.53275957776,102.08220500526438,62401.50540921166,12491.79113907668,0.8451599851133434,25811214
Sensitivity,Unlimited,0.5,1.3,A,70007.36596492471,23.474677088135344,16599.10335518498,98825.93830658417,58.6759137173931,112768.60493151858,114.66103993747363,120154.20176896048,142.8117843826975,69987.69486886481,16597.855034301898,0.8380339139353815,25811214
Sensitivity,Unlimited,0.5,1.3,B,62416.43605659624,17.664131844956128,12490.427411341718,83948.1587563281,43.28975432389739,94120.08205466806,83.7359301142767,99405.53275957776,102.08220500526438,62401.50540921166,12491.79113907668,0.8451599851133434,25811214
Sensitivity,Limited,0.6,1.0,A,55589.49705863676,18.320322100570532,12954.423990835197,78121.82381893799,45.83798972835319,88822.55050066246,84.64226252816614,94647.10797173931,111.48877005844955,55581.29049890807,12942.417376983216,0.4483640007384569,30970582
Sensitivity,Limited,0.6,1.0,B,55585.44159656256,14.64677265669305,10356.83226804536,73412.34879412677,34.26062020864377,81684.02604299747,67.74096556600952,86036.95182849774,83.47985367531945,55581.29049890807,10349.619175027512,0.2836113340227057,30970582
Sensitivity,Unlimited,0.6,1.0,A,55589.49705863676,18.320322100570532,12954.423990835197,78121.82381893799,45.83798972835319,88822.55050066246,84.64226252816614,94647.10797173931,111.48877005844955,55581.29049890807,12942.417376983216,0.4483640007384569,30970582
Sensitivity,Unlimited,0.6,1.0,B,55585.44159656256,14.64677265669305,10356.83226804536,73412.34879412677,34.26062020864377,81684.02604299747,67.74096556600952,86036.95182849774,83.47985367531945,55581.29049890807,10349.619175027512,0.2836113340227057,30970582
Sensitivity,Limited,0.6,1.05,A,60217.144034018434,19.554464506503155,13827.094455020038,84257.81808452327,49.82917679881273,95636.19799244727,91.34554192742256,101834.83603626597,118.55278550916702,60208.65599927519,13814.50219933905,0.43446711573724234,30970582
Sensitivity,Limited,0.6,1.05,B,58797.52989079584,15.441486388254312,10918.779736734394,77588.86652233561,36.281092999585276,86306.8857702128,71.57901461001208,90890.08901078564,87.91749303825385,58793.15698974725,10911.193549928128,0.28338861104127716,30970582
Sensitivity,Unlimited,0.6,1.05,A,60217.144034018434,19.554464506503155,13827.094455020038,84257.81808452327,49.82917679881273,95636.19799244727,91.34554192742256,101834.83603626597,118.55278550916702,60208.65599927519,13814.50219933905,0.43446711573724234,30970582
Sensitivity,Unlimited,0.6,1.05,B,58797.52989079584,15.441486388254312,10918.779736734394,77588.86652233561,36.281092999585276,86306.8857702128,71.57901461001208,90890.08901078564,87.91749303825385,58793.15698974725,10911.193549928128,0.28338861104127716,30970582
Sensitivity,Limited,0.6,1.1,A,64893.97755618409,20.793158063709203,14702.98306913252,90427.29201099752,52.64198679752877,102526.71048106141,97.51073372562125,109079.39463878525,125.4308714768362,64885.319874307075,14689.854804709337,0.41674377629847786,30970582
Sensitivity,Limited,0.6,1.1,B,62011.93031627648,16.236417506356233,11480.880920920466,81767.2709767077,38.497673311995975,90939.67861972837,76.10597513138998,95745.78630828991,92.28053558323157,62007.34164383299,11472.915335639429,0.282812284978343,30970582
Sensitivity,Unlimited,0.6,1.1,A,64893.97755618409,20.793158063709203,14702.98306913252,90427.29201099752,52.64198679752877,102526.71048106141,97.51073372562125,109079.39463878525,125.4308714768362,64885.319874307075,14689.854804709337,0.41674377629847786,30970582
Sensitivity,Unlimited,0.6,1.1,B,62011.93031627648,16.236417506356233,11480.880920920466,81767.2709767077,38.497673311995975,90939.67861972837,76.10597513138998,95745.78630828991,92.28053558323157,62007.34164383299,11472.915335639429,0.282812284978343,30970582
ADAS,Limited,0.6,1.15,A,69614.58243069025,22.036036162128422,15581.830600712992,96657.24785903083,55.29899298509979,109453.9838730572,104.43700317563545,116374.67361223986,132.46711718139971,69605.75247031635,15568.08436398091,0.4010592897632767,30970582
ADAS,Limited,0.6,1.15,B,65228.34266941826,17.031530482914494,12043.110698454235,85949.01754400537,40.34116504169947,95563.45914689967,79.75128310380646,100603.94436046582,96.76197932211188,65223.53595809972,12034.765384164064,0.2824199774615048,30970582
ADAS,Unlimited,0.6,1.15,A,69614.58243069025,22.036036162128422,15581.830600712992,96657.24785903083,55.29899298509979,109453.9838730572,104.43700317563545,116374.67361223986,132.46711718139971,69605.75247031635,15568.08436398091,0.4010592897632767,30970582
ADAS,Unlimited,0.6,1.15,B,65228.34266941826,17.031530482914494,12043.110698454235,85949.01754400537,40.34116504169947,95563.45914689967,79.75128310380646,100603.94436046582,96.76197932211188,65223.53595809972,12034.765384164064,0.2824199774615048,30970582
Sensitivity,Limited,0.6,1.2,A,74374.2590713125,23.282557902323603,16463.25457610146,102922.17253814945,58.52812439503329,116426.28182157589,108.66568523269163,123715.75541911369,139.50928269075345,74365.19809643859,16448.85943477191,0.38951495712566403,30970582
Sensitivity,Limited,0.6,1.2,B,68446.5055691791,17.826794703483014,12605.447421653267,90133.57570921404,42.126158433022376,100185.96401707431,84.10444397299275,105464.133521124,101.27819402680892,68441.48301874899,12596.72771387614,0.2819366702732554,30970582
Sensitivity,Unlimited,0.6,1.2,A,74374.2590713125,23.282557902323603,16463.25457610146,102922.17253814945,58.52812439503329,116426.28182157589,108.66568523269163,123715.75541911369,139.50928269075345,74365.19809643859,16448.85943477191,0.38951495712566403,30970582
Sensitivity,Unlimited,0.6,1.2,B,68446.5055691791,17.826794703483014,12605.447421653267,90133.57570921404,42.126158433022376,100185.96401707431,84.10444397299275,105464.133521124,101.27819402680892,68441.48301874899,12596.72771387614,0.2819366702732554,30970582
Sensitivity,Limited,0.6,1.25,A,79168.89372679536,24.53218014544771,17346.87093813606,109257.56090904152,60.72411490954769,123430.11741900681,113.43795598112683,131096.65928441173,146.64479736398567,79159.54744458795,17331.897167373594,0.38130964336561307,30970582
Sensitivity,Limited,0.6,1.25,B,71666.21127287918,18.62219908793001,13167.88325568125,94321.37949157666,43.49494703663193,104817.6703414292,88.03173188848123,110326.16423469735,105.71931744302229,71660.96724858956,13158.788882672223,0.2817953209040901,30970582
Sensitivity,Unlimited,0.6,1.25,A,79168.89372679536,24.53218014544771,17346.87093813606,109257.56090904152,60.72411490954769,123430.11741900681,113.43795598112683,131096.65928441173,146.64479736398567,79159.54744458795,17331.897167373594,0.38130964336561307,30970582
Sensitivity,Unlimited,0.6,1.25,B,71666.21127287918,18.62219908793001,13167.88325568125,94321.37949157666,43.49494703663193,104817.6703414292,88.03173188848123,110326.16423469735,105.71931744302229,71660.96724858956,13158.788882672223,0.2817953209040901,30970582
Sensitivity,Limited,0.6,1.3,A,83994.839667144,25.78458860810181,18232.457454894193,115586.70868175042,64.2966473711648,130473.26706282681,118.96291072871483,138513.0836660297,153.74645246762353,83985.23384263777,18216.954770199223,0.37285834723347494,30970582
Sensitivity,Limited,0.6,1.3,B,74887.26968442426,19.41772450894692,13730.404675488593,98511.50451970169,45.32056421698514,109447.11511873291,92.0986307067027,115189.77545631713,110.19990114411378,74881.806491054,13720.93750408966,0.2815449802824581,30970582
Sensitivity,Unlimited,0.6,1.3,A,83994.839667144,25.78458860810181,18232.457454894193,115586.70868175042,64.2966473711648,130473.26706282681,118.96291072871483,138513.0836660297,153.74645246762353,83985.23384263777,18216.954770199223,0.37285834723347494,30970582
Sensitivity,Unlimited,0.6,1.3,B,74887.26968442426,19.41772450894692,13730.404675488593,98511.50451970169,45.32056421698514,109447.11511873291,92.0986307067027,115189.77545631713,110.19990114411378,74881.806491054,13720.93750408966,0.2815449802824581,30970582
Sensitivity,Limited,0.7,1.0,A,64865.00153888549,19.832386254639147,14023.614807766216,89138.82361954823,48.69831930388042,100737.35930621262,90.83289412500734,106788.50362205849,117.42604307725438,64844.83891539275,14002.61595103204,1.018176021400922,36132471
Sensitivity,Limited,0.7,1.0,B,64857.514015978864,15.866456818901188,11219.279210048568,84067.50353543853,37.224297265277215,93067.42817158005,72.52132278556887,97655.71490538312,89.08687598588055,64844.83891539275,11207.874221494174,0.7996743538998025,36132471
Sensitivity,Unlimited,0.7,1.0,A,64865.00153888549,19.832386254639147,14023.614807766216,89138.82361954823,48.69831930388042,100737.35930621262,90.83289412500734,106788.50362205849,117.42604307725438,64844.83891539275,14002.61595103204,1.018176021400922,36132471
Sensitivity,Unlimited,0.7,1.0,B,64857.514015978864,15.866456818901188,11219.279210048568,84067.50353543853,37.224297265277215,93067.42817158005,72.52132278556887,97655.71490538312,89.08687598588055,64844.83891539275,11207.874221494174,0.7996743538998025,36132471
Sensitivity,Limited,0.7,1.05,A,70264.65750625113,21.169124154992634,14968.831241775235,96140.92959302248,52.343762698588826,108508.26658094779,95.85840892434211,114946.30269275073,124.92873839260355,70243.43199915439,14946.880525768775,1.0041359450455465,36132471
Sensitivity,Limited,0.7,1.05,B,68605.34327853526,16.727543567061716,11828.15948886275,88853.82207604912,39.31189641802632,98334.23022198408,75.98392945754392,103172.5561046311,93.90263095917824,68592.01648803845,11816.222514117097,0.7975022407108145,36132471
Sensitivity,Unlimited,0.7,1.05,A,70264.65750625113,21.169124154992634,14968.831241775235,96140.92959302248,52.343762698588826,108508.26658094779,95.85840892434211,114946.30269275073,124.92873839260355,70243.43199915439,14946.880525768775,1.0041359450455465,36132471
Sensitivity,Unlimited,0.7,1.05,B,68605.34327853526,16.727543567061716,11828.15948886275,88853.82207604912,39.31189641802632,98334.23022198408,75.98392945754392,103172.5561046311,93.90263095917824,68592.01648803845,11816.222514117097,0.7975022407108145,36132471
Sensitivity,Limited,0.7,1.1,A,75721.72829167297,22.51089533885693,15917.60674468638,103227.45064360887,55.78106627704024,116361.42111553444,101.10105356277565,123170.86639340186,132.29128052841165,75699.53985335825,15894.720430023528,0.987094756737354,36132471
Sensitivity,Limited,0.7,1.1,B,72355.86788407224,17.58887277372091,12437.211211725496,93648.20327486136,41.52552033695542,103598.18599926255,79.87343411296622,108692.54851208275,98.77976309318254,72341.89858447181,12424.732656486702,0.7950099812195126,36132471
Sensitivity,Unlimited,0.7,1.1,A,75721.72829167297,22.51089533885693,15917.60674468638,103227.45064360887,55.78106627704024,116361.42111553444,101.10105356277565,123170.86639340186,132.29128052841165,75699.53985335825,15894.720430023528,0.987094756737354,36132471
Sensitivity,Unlimited,0.7,1.1,B,72355.86788407224,17.58887277372091,12437.211211725496,93648.20327486136,41.52552033695542,103598.18599926255,79.87343411296622,108692.54851208275,98.77976309318254,72341.89858447181,12424.732656486702,0.7950099812195126,36132471
Sensitivity,Limited,0.7,1.15,A,81229.91563701675,23.857163571915333,16869.562141578008,110371.8583821883,59.85019054341755,124245.70144115904,107.69387299899437,131455.01265074697,139.93984655665903,81206.71121536907,16845.708910793604,0.9740168245500472,36132471
Sensitivity,Limited,0.7,1.15,B,76108.7405753076,18.45040509242058,13046.406556489403,98439.74158177874,43.82424859346924,108870.53730123327,84.26249018007974,114215.3690660489,103.60036945442839,76094.12528444966,13033.383623543448,0.7929307978009614,36132471
Sensitivity,Unlimited,0.7,1.15,A,81229.91563701675,23.857163571915333,16869.562141578008,110371.8583821883,59.85019054341755,124245.70144115904,107.69387299899437,131455.01265074697,139.93984655665903,81206.71121536907,16845.708910793604,0.9740168245500472,36132471
Sensitivity,Unlimited,0.7,1.15,B,76108.7405753076,18.45040509242058,13046.406556489403,98439.74158177874,43.82424859346924,108870.53730123327,84.26249018007974,114215.3690660489,103.60036945442839,76094.12528444966,13033.383623543448,0.7929307978009614,36132471
Sensitivity,Limited,0.7,1.2,A,86783.65875442483,25.207402785234418,17824.325445539922,117546.92588069064,63.48342236432661,132175.02344633875,114.27681523619464,139791.94267522063,147.6691793992271,86759.39777917835,17799.4839277544,0.9637976125944734,36132471
Sensitivity,Limited,0.7,1.2,B,79863.65817690005,19.31210519144238,13655.720539856837,103240.38118349941,45.717562303609796,114151.20323130582,87.94084639536824,119740.53007101633,108.36059206578018,79848.39685520715,13642.157866546544,0.7910320467250428,36132471
Sensitivity,Unlimited,0.7,1.2,A,86783.65875442483,25.207402785234418,17824.325445539922,117546.92588069064,63.48342236432661,132175.02344633875,114.27681523619464,139791.94267522063,147.6691793992271,86759.39777917835,17799.4839277544,0.9637976125944734,36132471
Sensitivity,Unlimited,0.7,1.2,B,79863.65817690005,19.31210519144238,13655.720539856837,103240.38118349941,45.717562303609796,114151.20323130582,87.94084639536824,119740.53007101633,108.36059206578018,79848.39685520715,13642.157866546544,0.7910320467250428,36132471
Sensitivity,Limited,0.7,1.25,A,92378.15767550906,26.56103347059734,18781.48688238224,124765.85822046091,65.89638851510014,140155.89006614595,119.28062855021363,148175.38724459024,155.35458400099884,92352.80535201926,18755.73641462631,0.9558035718871676,36132471
Sensitivity,Limited,0.7,1.25,B,83620.37287723858,20.17395822100071,14265.1426614437,108037.14239017908,47.74006052375397,119433.80783933747,91.33199288624985,125267.8537783942,113.12349867361053,83604.46179002116,14251.04062503061,0.7894748154550655,36132471
Sensitivity,Unlimited,0.7,1.25,A,92378.15767550906,26.56103347059734,18781.48688238224,124765.85822046091,65.89638851510014,140155.89006614595,119.28062855021363,148175.38724459024,155.35458400099884,92352.80535201926,18755.73641462631,0.9558035718871676,36132471
Sensitivity,Unlimited,0.7,1.25,B,83620.37287723858,20.17395822100071,14265.1426614437,108037.14239017908,47.74006052375397,119433.80783933747,91.33199288624985,125267.8537783942,113.12349867361053,83604.46179002116,14251.04062503061,0.7894748154550655,36132471
Sensitivity,Limited,0.7,1.3,A,98009.18722023243,27.91770139923224,19740.795974538283,132039.95230703524,69.29835515989733,148189.33948928723,126.50233282787079,156600.4133684399,162.92585410025768,97982.77281641072,19714.20099310516,0.9474289153215075,36132471
Sensitivity,Limited,0.7,1.3,B,87378.6643740954,21.035942334033656,14874.657473044368,112831.93948880308,49.68936232220077,124713.19120875334,95.2069662349082,130797.03363739642,117.93843467893772,87362.10757289632,14860.019395638055,0.7878473164083553,36132471
Sensitivity,Unlimited,0.7,1.3,A,98009.18722023243,27.91770139923224,19740.795974538283,132039.95230703524,69.29835515989733,148189.33948928723,126.50233282787079,156600.4133684399,162.92585410025768,97982.77281641072,19714.20099310516,0.9474289153215075,36132471
Sensitivity,Unlimited,0.7,1.3,B,87378.6643740954,21.035942334033656,14874.657473044368,112831.93948880308,49.68936232220077,124713.19120875334,95.2069662349082,130797.03363739642,117.93843467893772,87362.10757289632,14860.019395638055,0.7878473164083553,36132471
Sensitivity,Limited,0.8,1.0,A,74142.21664652301,21.241783682812816,15020.209286614698,100089.16886275302,52.59825624513421,112246.59342247869,98.08429973805099,118774.90389691858,125.64991947952463,74108.38733187744,14994.194868712824,1.595346599015402,41294308
Sensitivity,Limited,0.8,1.0,B,74130.79733582739,17.010591611238382,12028.30468030166,94690.65815594529,40.51176628710762,104201.36476578792,76.49788481914271,109147.455694546,95.28116898056648,74108.38733187744,12012.652181693575,1.3191313225211745,41294308
Sensitivity,Unlimited,0.8,1.0,A,74142.21664652301,21.241783682812816,15020.209286614698,100089.16886275302,52.59825624513421,112246.59342247869,98.08429973805099,118774.90389691858,125.64991947952463,74108.38733187744,14994.194868712824,1.595346599015402,41294308
Sensitivity,Unlimited,0.8,1.0,B,74130.79733582739,17.010591611238382,12028.30468030166,94690.65815594529,40.51176628710762,104201.36476578792,76.49788481914271,109147.455694546,95.28116898056648,74108.38733187744,12012.652181693575,1.3191313225211745,41294308
Sensitivity,Limited,0.8,1.05,A,80313.86061898687,22.674566767466313,16033.339921742565,107989.66262350217,55.46913839923368,120954.28702595033,107.95971794870972,127888.78447920935,133.56988739561223,80278.2079990336,16006.115214180256,1.5750361033067966,41294308
Sensitivity,Limited,0.8,1.05,B,78414.43123980933,17.93411020172536,12681.330938186844,100089.40628006007,43.155400682297795,110101.00919496869,80.92163074706333,115322.17740402714,100.48076506462878,78390.87598632969,12664.899836045412,1.315137086249972,41294308
Sensitivity,Unlimited,0.8,1.05,A,80313.86061898687,22.674566767466313,16033.339921742565,107989.66262350217,55.46913839923368,120954.28702595033,107.95971794870972,127888.78447920935,133.56988739561223,80278.2079990336,16006.115214180256,1.5750361033067966,41294308
Sensitivity,Unlimited,0.8,1.05,B,78414.43123980933,17.93411020172536,12681.330938186844,100089.40628006007,43.155400682297795,110101.00919496869,80.92163074706333,115322.17740402714,100.48076506462878,78390.87598632969,12664.899836045412,1.315137086249972,41294308
Sensitivity,Limited,0.8,1.1,A,86551.14606284183,24.11285506874883,17050.363332880712,115977.21173492978,58.64606235044705,129730.51496697852,112.83698913066057,137079.94425597202,141.59257258191454,86513.75983240946,17021.906397061484,1.5530608878389522,41294308
Sensitivity,Limited,0.8,1.1,B,82701.14476556299,18.857894086148224,13334.5447872131,105490.89545278142,45.17746745513367,116012.46853060261,85.9916416712836,121500.53062689726,105.59495617722645,82676.45552511068,13317.323304133231,1.3109187895705,41294308
Sensitivity,Unlimited,0.8,1.1,A,86551.14606284183,24.11285506874883,17050.363332880712,115977.21173492978,58.64606235044705,129730.51496697852,112.83698913066057,137079.94425597202,141.59257258191454,86513.75983240946,17021.906397061484,1.5530608878389522,41294308
Sensitivity,Unlimited,0.8,1.1,B,82701.14476556299,18.857894086148224,13334.5447872131,105490.89545278142,45.17746745513367,116012.46853060261,85.9916416712836,121500.53062689726,105.59495617722645,82676.45552511068,13317.323304133231,1.3109187895705,41294308
Sensitivity,Limited,0.8,1.15,A,92846.88701505013,25.556068558904187,18070.86937846947,124015.5103325162,62.46322896844952,138530.3314486506,120.83662790362767,146337.33993612317,150.06463319869852,92807.66996042183,18041.107289099018,1.5370811126759887,41294308
Sensitivity,Limited,0.8,1.15,B,86990.53996881172,19.78190133313101,13987.916577420143,110894.99464129315,47.59235984288319,121928.46258546857,89.6216817290688,127681.99345989409,110.6953566748737,86964.71461079965,13969.89974520587,1.307188033555403,41294308
Sensitivity,Unlimited,0.8,1.15,A,92846.88701505013,25.556068558904187,18070.86937846947,124015.5103325162,62.46322896844952,138530.3314486506,120.83662790362767,146337.33993612317,150.06463319869852,92807.66996042183,18041.107289099018,1.5370811126759887,41294308
Sensitivity,Unlimited,0.8,1.15,B,86990.53996881172,19.78190133313101,13987.916577420143,110894.99464129315,47.59235984288319,121928.46258546857,89.6216817290688,127681.99345989409,110.6953566748737,86964.71461079965,13969.89974520587,1.307188033555403,41294308
Sensitivity,Limited,0.8,1.2,A,99194.66295519669,27.003625516628134,19094.44671942984,132101.74951397837,66.10992840035149,147441.25680564795,127.20825845219365,155654.24000694085,158.00678352984642,99153.59746191815,19063.326548255416,1.5232225444243714,41294308
Sensitivity,Limited,0.8,1.2,B,91282.27524835583,20.706090611038245,14641.417082928247,116302.66498486674,49.517553714476335,127844.46934992209,93.08893653641195,133866.02596908796,115.82378934850146,91255.31069166533,14622.610094589729,1.303927326530607,41294308
Sensitivity,Unlimited,0.8,1.2,A,99194.66295519669,27.003625516628134,19094.44671942984,132101.74951397837,66.10992840035149,147441.25680564795,127.20825845219365,155654.24000694085,158.00678352984642,99153.59746191815,19063.326548255416,1.5232225444243714,41294308
Sensitivity,Unlimited,0.8,1.2,B,91282.27524835583,20.706090611038245,14641.417082928247,116302.66498486674,49.517553714476335,127844.46934992209,93.08893653641195,133866.02596908796,115.82378934850146,91255.31069166533,14622.610094589729,1.303927326530607,41294308
Sensitivity,Limited,0.8,1.25,A,105589.03476250885,28.454872472965054,20120.633283432016,140245.78325595934,69.68824092848885,156415.8413122532,133.4993326743913,165024.370499039,165.84430253845957,105546.06325945062,20088.229984443195,1.5125992301852489,41294308
Sensitivity,Limited,0.8,1.25,B,95576.06452253624,21.630441785955433,15295.032066909944,121709.68845182254,51.47914926004086,133775.21751498975,97.06821330367683,140052.405730803,120.82588437598031,95547.95633145278,15275.438316486452,1.3011405702546641,41294308
Sensitivity,Unlimited,0.8,1.25,A,105589.03476250885,28.454872472965054,20120.633283432016,140245.78325595934,69.68824092848885,156415.8413122532,133.4993326743913,165024.370499039,165.84430253845957,105546.06325945062,20088.229984443195,1.5125992301852489,41294308
Sensitivity,Unlimited,0.8,1.25,B,95576.06452253624,21.630441785955433,15295.032066909944,121709.68845182254,51.47914926004086,133775.21751498975,97.06821330367683,140052.405730803,120.82588437598031,95547.95633145278,15275.438316486452,1.3011405702546641,41294308
Sensitivity,Limited,0.8,1.3,A,112025.17595765198,29.909400247906525,21149.13973651731,148433.6525976818,74.20826200111175,165415.23900826133,140.31839902148454,174442.3931677918,173.91745155556447,111980.31179018371,21115.530560014213,1.5023897675192226,41294308
Sensitivity,Limited,0.8,1.3,B,99871.65761458424,22.55493687168023,15948.748811199586,127122.73867045136,53.908688075965905,139696.0207875472,101.0506222120202,146240.8988116439,125.95186096769801,99842.40865473868,15928.370827084917,1.2984465312848295,41294308
Sensitivity,Unlimited,0.8,1.3,A,112025.17595765198,29.909400247906525,21149.13973651731,148433.6525976818,74.20826200111175,165415.23900826133,140.31839902148454,174442.3931677918,173.91745155556447,111980.31179018371,21115.530560014213,1.5023897675192226,41294308
Sensitivity,Unlimited,0.8,1.3,B,99871.65761458424,22.55493687168023,15948.748811199586,127122.73867045136,53.908688075965905,139696.0207875472,101.0506222120202,146240.8988116439,125.95186096769801,99842.40865473868,15928.370827084917,1.2984465312848295,41294308
Sensitivity,Limited,0.9,1.0,A,83408.88377848969,22.565387618039082,15956.13860481839,110929.85812486196,55.112715664280884,123836.856387658,106.39583532954467,130609.39794747297,129.92092445516326,83371.93574836213,15929.973208594805,1.6400656995824485,46456046
Sensitivity,Limited,0.9,1.0,B,83396.90033778652,18.088509119020138,12790.507459613842,105232.94264922653,42.50809356400661,115321.69637608784,78.55587234643865,120477.1847622572,99.39039449205616,83371.93574836213,12774.06437625231,1.3819118137794657,46456046
Sensitivity,Unlimited,0.9,1.0,A,83408.88377848969,22.565387618039082,15956.13860481839,110929.85812486196,55.112715664280884,123836.856387658,106.39583532954467,130609.39794747297,129.92092445516326,83371.93574836213,15929.973208594805,1.6400656995824485,46456046
Sensitivity,Unlimited,0.9,1.0,B,83396.90033778652,18.088509119020138,12790.507459613842,105232.94264922653,42.50809356400661,115321.69637608784,78.55587234643865,120477.1847622572,99.39039449205616,83371.93574836213,12774.06437625231,1.3819118137794657,46456046
Sensitivity,Limited,0.9,1.05,A,90351.9508634026,24.08898501383168,17033.484655181503,119703.40048669743,57.556274356568856,133438.60264355165,112.16027570870666,140672.03286592584,138.5329784622475,90312.98399891281,17005.879318916846,1.6202475394293747,46456046
Sensitivity,Limited,0.9,1.05,B,88215.99263029672,19.070832105731984,13485.114704833211,111236.69276832268,45.40261589385466,121864.49638317418,82.5014655368683,127299.30420403348,104.75226601973372,88189.73548462089,13467.882712059793,1.3785838619872577,46456046
Sensitivity,Unlimited,0.9,1.05,A,90351.9508634026,24.08898501383168,17033.484655181503,119703.40048669743,57.556274356568856,133438.60264355165,112.16027570870666,140672.03286592584,138.5329784622475,90312.98399891281,17005.879318916846,1.6202475394293747,46456046
Sensitivity,Unlimited,0.9,1.05,B,88215.99263029672,19.070832105731984,13485.114704833211,111236.69276832268,45.40261589385466,121864.49638317418,82.5014655368683,127299.30420403348,104.75226601973372,88189.73548462089,13467.882712059793,1.3785838619872577,46456046
Sensitivity,Limited,0.9,1.1,A,97368.85199619323,25.61849052766757,18115.008375877074,128545.87399712941,61.60156234376633,143125.66339272447,121.8223990013748,150818.92760143674,147.16292810147885,97327.97981146062,18085.942433519685,1.5979813655036894,46456046
Sensitivity,Limited,0.9,1.1,B,93038.55145205137,20.05343778371065,14179.92184296433,117234.82882421609,47.14979892589689,128422.05533540428,87.15117325348639,134125.3781765669,110.00417262250853,93011.0124657495,14161.890463623813,1.375028567765732,46456046
Sensitivity,Unlimited,0.9,1.1,A,97368.85199619323,25.61849052766757,18115.008375877074,128545.87399712941,61.60156234376633,143125.66339272447,121.8223990013748,150818.92760143674,147.16292810147885,97327.97981146062,18085.942433519685,1.5979813655036894,46456046
Sensitivity,Unlimited,0.9,1.1,B,93038.55145205137,20.05343778371065,14179.92184296433,117234.82882421609,47.14979892589689,128422.05533540428,87.15117325348639,134125.3781765669,110.00417262250853,93011.0124657495,14161.890463623813,1.375028567765732,46456046
Sensitivity,Limited,0.9,1.15,A,104451.502603547,27.153268197472165,19200.26007380959,137484.98485011485,65.33508552186973,152910.77236936305,128.0786030566352,161039.6064030453,155.56024038298426,104408.62870547455,19169.668262460855,1.5814788053632556,46456046
Sensitivity,Limited,0.9,1.15,B,97864.12611851755,21.036283958687072,14874.89903815342,123238.8983870406,49.42225215698357,134983.68757204316,89.88725052889089,140954.94395873116,115.25218798563823,97835.3039371496,14856.063021198826,1.3718547009923343,46456046
Sensitivity,Unlimited,0.9,1.15,A,104451.502603547,27.153268197472165,19200.26007380959,137484.98485011485,65.33508552186973,152910.77236936305,128.0786030566352,161039.6064030453,155.56024038298426,104408.62870547455,19169.668262460855,1.5814788053632556,46456046
Sensitivity,Unlimited,0.9,1.15,B,97864.12611851755,21.036283958687072,14874.89903815342,123238.8983870406,49.42225215698357,134983.68757204316,89.88725052889089,140954.94395873116,115.25218798563823,97835.3039371496,14856.063021198826,1.3718547009923343,46456046
Sensitivity,Limited,0.9,1.2,A,111592.67057845062,28.692665141095556,20288.778091583536,146484.46502697008,68.87764629862856,162773.4930592138,136.7925061680609,171326.77219934424,163.8416594763955,111547.7971446579,20256.637175947595,1.5664154446934209,46456046
Sensitivity,Limited,0.9,1.2,B,102692.33410491643,22.01932380031085,15570.013176342143,129248.33534586143,51.363355612572825,141525.26925071745,94.56854138657336,147787.55023667583,120.73679313875782,102662.2245281235,15550.37984312262,1.3691424996514512,46456046
Sensitivity,Unlimited,0.9,1.2,A,111592.67057845062,28.692665141095556,20288.778091583536,146484.46502697008,68.87764629862856,162773.4930592138,136.7925061680609,171326.77219934424,163.8416594763955,111547.7971446579,20256.637175947595,1.5664154446934209,46456046
Sensitivity,Unlimited,0.9,1.2,B,102692.33410491643,22.01932380031085,15570.013176342143,129248.33534586143,51.363355612572825,141525.26925071745,94.56854138657336,147787.55023667583,120.73679313875782,102662.2245281235,15550.37984312262,1.3691424996514512,46456046
Sensitivity,Limited,0.9,1.25,A,118786.23918797763,30.23605141708563,21380.11699332637,155541.77722028652,72.39954895894063,172687.20604532614,143.2478947562386,181673.9627759721,172.2201804006313,118739.32116688194,21346.490713446135,1.5541688477963236,46456046
Sensitivity,Limited,0.9,1.25,B,107522.85141011332,23.002536943496747,16265.24985724063,135260.2797316336,53.29113730626799,148083.22182897996,99.07772017616247,154622.81200089137,126.08100963584486,107491.45087288436,16244.823651005474,1.3668066385023308,46456046
Sensitivity,Unlimited,0.9,1.25,A,118786.23918797763,30.23605141708563,21380.11699332637,155541.77722028652,72.39954895894063,172687.20604532614,143.2478947562386,181673.9627759721,172.2201804006313,118739.32116688194,21346.490713446135,1.5541688477963236,46456046
Sensitivity,Unlimited,0.9,1.25,B,107522.85141011332,23.002536943496747,16265.24985724063,135260.2797316336,53.29113730626799,148083.22182897996,99.07772017616247,154622.81200089137,126.08100963584486,107491.45087288436,16244.823651005474,1.3668066385023308,46456046
Sensitivity,Limited,0.9,1.3,A,126026.80267359619,31.782946394057447,22473.93692132655,164652.14690190222,75.22332006346925,182645.1680450649,150.0855988409243,192074.3231157804,180.69393828663655,125977.85076395667,22438.920901026428,1.542597677081465,46456046
Sensitivity,Limited,0.9,1.3,B,112355.40127394706,23.985909333327225,16960.599142521383,141275.11165874454,55.32790509239394,154647.2586551998,103.20357079943246,161460.48660645593,131.38686400980137,112322.709736581,16939.3798083137,1.364654905937509,46456046
Sensitivity,Unlimited,0.9,1.3,A,126026.80267359619,31.782946394057447,22473.93692132655,164652.14690190222,75.22332006346925,182645.1680450649,150.0855988409243,192074.3231157804,180.69393828663655,125977.85076395667,22438.920901026428,1.542597677081465,46456046
Sensitivity,Unlimited,0.9,1.3,B,112355.40127394706,23.985909333327225,16960.599142521383,141275.11165874454,55.32790509239394,154647.2586551998,103.20357079943246,161460.48660645593,131.38686400980137,112322.709736581,16939.3798083137,1.364654905937509,46456046
Baseline,Limited,1.0,1.0,A,92673.24291819916,23.828746861297308,16849.46849280099,121634.15143936932,58.493283931051955,135196.76674790247,104.18232738033934,142268.4783775658,135.39633321271793,92635.4841648468,16819.267328541388,1.587433627343438,51617934
Baseline,Limited,1.0,1.0,B,92661.24601167852,19.119468035761926,13519.505500766698,115671.27820479331,45.37668043777628,126250.83554137079,82.70186980845499,131758.5077770463,105.45228617512397,92635.4841648468,13499.450704221506,1.349416134754587,51617934
Baseline,Unlimited,1.0,1.0,A,92673.24291819916,23.828746861297308,16849.46849280099,121634.15143936932,58.493283931051955,135196.76674790247,104.18232738033934,142268.4783775658,135.39633321271793,92635.4841648468,16819.267328541388,1.587433627343438,51617934
Baseline,Unlimited,1.0,1.0,B,92661.24601167852,19.119468035761926,13519.505500766698,115671.27820479331,45.37668043777628,126250.83554137079,82.70186980845499,131758.5077770463,105.45228617512397,92635.4841648468,13499.450704221506,1.349416134754587,51617934
Sensitivity,Limited,1.0,1.05,A,100387.59905653246,25.438938793900373,17988.046127356487,131268.9619025151,61.480296193951375,145753.94629262545,112.10229049989718,153268.8810635357,144.0323342056271,100347.759998792,17956.10923701065,1.5688514428448976,51617934
Sensitivity,Limited,1.0,1.05,B,98015.67413710555,20.158131926131617,14253.951781020707,122278.1872246249,47.80512592993017,133413.8509281067,87.99845466761542,139227.352517733,111.23178957111567,97988.5949829121,14232.907122908366,1.3453227365035099,51617934
Sensitivity,Unlimited,1.0,1.05,A,100387.59905653246,25.438938793900373,17988.046127356487,131268.9619025151,61.480296193951375,145753.94629262545,112.10229049989718,153268.8810635357,144.0323342056271,100347.759998792,17956.10923701065,1.5688514428448976,51617934
Sensitivity,Unlimited,1.0,1.05,B,98015.67413710555,20.158131926131617,14253.951781020707,122278.1872246249,47.80512592993017,133413.8509281067,87.99845466761542,139227.352517733,111.23178957111567,97988.5949829121,14232.907122908366,1.3453227365035099,51617934
Sensitivity,Limited,1.0,1.1,A,108184.01913117067,27.055435569336094,19131.081959033272,141001.69018291798,66.14801044501789,156357.0830254313,118.48544121471635,164363.30760946102,153.18683363185679,108142.1997905118,19097.386902490172,1.5484180906855203,51617934
Sensitivity,Limited,1.0,1.1,B,103373.95545827514,21.197095375608253,14988.609881550603,128885.84571004575,49.96448915179117,140587.86165792038,91.63891653058516,146700.54243135022,116.94306611908767,103345.56940638833,14966.566277398912,1.34112056220886,51617934
Sensitivity,Unlimited,1.0,1.1,A,108184.01913117067,27.055435569336094,19131.081959033272,141001.69018291798,66.14801044501789,156357.0830254313,118.48544121471635,164363.30760946102,153.18683363185679,108142.1997905118,19097.386902490172,1.5484180906855203,51617934
Sensitivity,Unlimited,1.0,1.1,B,103373.95545827514,21.197095375608253,14988.609881550603,128885.84571004575,49.96448915179117,140587.86165792038,91.63891653058516,146700.54243135022,116.94306611908767,103345.56940638833,14966.566277398912,1.34112056220886,51617934
Sensitivity,Limited,1.0,1.15,A,116053.50235911198,28.677531673518175,20278.077114036703,150804.79922289887,69.32116879277856,167055.7856738593,126.53797281448952,175540.8934371667,162.22815907825878,116009.58745052727,20242.573846604657,1.534020816263391,51617934
Sensitivity,Limited,1.0,1.15,B,108735.5906914687,22.236309479694203,15723.445221654481,135497.5422083996,52.30604765490492,147770.05783974295,96.91974159358654,154177.6771297014,122.6114260510039,108705.89326349954,15700.401825260235,1.3374977872858704,51617934
Sensitivity,Unlimited,1.0,1.15,A,116053.50235911198,28.677531673518175,20278.077114036703,150804.79922289887,69.32116879277856,167055.7856738593,126.53797281448952,175540.8934371667,162.22815907825878,116009.58745052727,20242.573846604657,1.534020816263391,51617934
Sensitivity,Unlimited,1.0,1.15,B,108735.5906914687,22.236309479694203,15723.445221654481,135497.5422083996,52.30604765490492,147770.05783974295,96.91974159358654,154177.6771297014,122.6114260510039,108705.89326349954,15700.401825260235,1.3374977872858704,51617934
Sensitivity,Limited,1.0,1.2,A,123987.99962154574,30.304590126295192,21428.581179382225,160685.49303835208,72.12397526551186,177868.5161351015,134.9049355580456,186792.35542706065,170.85980717052055,123941.99682739767,21391.222963451026,1.520665169598057,51617934
Sensitivity,Limited,1.0,1.2,B,114100.1516399437,23.275726975662568,16458.424381537654,142110.9701271055,54.486068935442674,154946.71936694797,101.71722357136441,161658.12719930353,128.37140778163845,114069.13836458165,16434.391778120913,1.3343783944898093,51617934
Sensitivity,Unlimited,1.0,1.2,A,123987.99962154574,30.304590126295192,21428.581179382225,160685.49303835208,72.12397526551186,177868.5161351015,134.9049355580456,186792.35542706065,170.85980717052055,123941.99682739767,21391.222963451026,1.520665169598057,51617934
Sensitivity,Unlimited,1.0,1.2,B,114100.1516399437,23.275726975662568,16458.424381537654,142110.9701271055,54.486068935442674,154946.71936694797,101.71722357136441,161658.12719930353,128.37140778163845,114069.13836458165,16434.391778120913,1.3343783944898093,51617934
Sensitivity,Limited,1.0,1.25,A,131980.72832452235,31.93592993621209,22582.112621394037,170630.60514181564,75.92043436059654,188719.79124205274,141.93868496509285,198110.68140774235,179.78664607149685,131932.57907431325,22542.95220393767,1.5103018018178824,51617934
Sensitivity,Limited,1.0,1.25,B,119467.27966907527,24.31532809291264,17193.53338127429,148726.5617182419,56.98751668343608,162127.82866292374,106.69464088206824,169141.4683122363,134.11653044512545,119434.94541431595,17168.517640458245,1.3317265522708481,51617934
Sensitivity,Unlimited,1.0,1.25,A,131980.72832452235,31.93592993621209,22582.112621394037,170630.60514181564,75.92043436059654,188719.79124205274,141.93868496509285,198110.68140774235,179.78664607149685,131932.57907431325,22542.95220393767,1.5103018018178824,51617934
Sensitivity,Unlimited,1.0,1.25,B,119467.27966907527,24.31532809291264,17193.53338127429,148726.5617182419,56.98751668343608,162127.82866292374,106.69464088206824,169141.4683122363,134.11653044512545,119434.94541431595,17168.517640458245,1.3317265522708481,51617934
Sensitivity,Limited,1.0,1.3,A,140025.67051598176,33.571012835058234,23738.290826970304,180657.12710272093,80.31898571288542,199667.3931973554,149.54430962184045,209487.70898452314,188.33491378373367,139975.38973772962,23697.433234665485,1.50032617091275,51617934
Sensitivity,Limited,1.0,1.3,B,124836.66618234657,25.355098345201537,17928.761977543818,155345.6120071574,59.80577460149871,169323.76678100938,110.92555707533822,176627.3716087926,139.73513517887244,124803.01081842332,17902.763744580538,1.3292883932868274,51617934
Sensitivity,Unlimited,1.0,1.3,A,140025.67051598176,33.571012835058234,23738.290826970304,180657.12710272093,80.31898571288542,199667.3931973554,149.54430962184045,209487.70898452314,188.33491378373367,139975.38973772962,23697.433234665485,1.50032617091275,51617934
Sensitivity,Unlimited,1.0,1.3,B,124836.66618234657,25.355098345201537,17928.761977543818,155345.6120071574,59.80577460149871,169323.76678100938,110.92555707533822,176627.3716087926,139.73513517887244,124803.01081842332,17902.763744580538,1.3292883932868274,51617934
