scenario,limit_mode,frequency_multiplier,severity_multiplier,design,expected_retention_per_claim,expected_retention_annual_per_vehicle,retention_share_of_losses,mc_retention_per_claim,mc_retention_annual_per_vehicle,mc_retention_share,expected_below_deductible,mc_below_deductible,expected_at_limit,mc_at_limit
Sensitivity,Limited,0.5,1.0,A,792.5479270990403,40.909626595809726,0.46899989321835855,792.574150648601,40.91460202651856,0.46895192188685036,0.41183640070522204,0.4118437823188014,4.113028205962841e-121,0.0
Sensitivity,Limited,0.5,1.0,B,792.5479270990403,40.909626595809726,0.46899989321835855,792.6385860462678,40.91792833819527,0.4689900471569575,0.09862267526693197,0.09855681332927618,2.51637685423477e-195,0.0
Sensitivity,Unlimited,0.5,1.0,A,792.5479270990403,40.909626595809726,0.46899989321835855,792.574150648601,40.91460202651856,0.46895192188685036,0.41183640070522204,0.4118437823188014,0.0,0.0
Sensitivity,Unlimited,0.5,1.0,B,792.5479270990403,40.909626595809726,0.46899989321835855,792.6385860462678,40.91792833819527,0.4689900471569575,0.09862267526693197,0.09855681332927618,0.0,0.0
Sensitivity,Limited,0.5,1.05,A,802.3358286817999,41.414857112748784,0.4521828602357388,802.3635928662663,41.41995680256015,0.4521372946844927,0.3945164927175068,0.39450364481112743,2.351123710677597e-115,0.0
Sensitivity,Limited,0.5,1.05,B,825.1880458566653,42.59443962068874,0.465061982113963,825.2827248199546,42.60309804166192,0.4650523800774371,0.09328878033482191,0.0932359864979617,4.945157848362812e-186,0.0
Sensitivity,Unlimited,0.5,1.05,A,802.3358286817999,41.414857112748784,0.4521828602357388,802.3635928662663,41.41995680256015,0.4521372946844927,0.3945164927175068,0.39450364481112743,0.0,0.0
Sensitivity,Unlimited,0.5,1.05,B,825.1880458566653,42.59443962068874,0.465061982113963,825.2827248199546,42.60309804166192,0.4650523800774371,0.09328878033482191,0.0932359864979617,0.0,0.0
Sensitivity,Limited,0.5,1.1,A,811.3278433323724,41.87900565080055,0.4364664886241157,811.3588462187528,41.88431362109064,0.4364240814827689,0.37842096469908454,0.37847200832940286,4.0252718715688735e-110,0.0
Sensitivity,Limited,0.5,1.1,B,857.7907395298497,44.27732084286228,0.4614619295192853,857.8895472451419,44.286341384614936,0.46145261053724373,0.08845397376282428,0.0883945249533788,1.3883820264743596e-177,0.0
Sensitivity,Unlimited,0.5,1.1,A,811.3278433323724,41.87900565080055,0.4364664886241157,811.3588462187528,41.88431362109064,0.4364240814827689,0.37842096469908454,0.37847200832940286,0.0,0.0
Sensitivity,Unlimited,0.5,1.1,B,857.7907395298497,44.27732084286228,0.4614619295192853,857.8895472451419,44.286341384614936,0.46145261053724373,0.08845397376282428,0.0883945249533788,0.0,0.0
Sensitivity,Limited,0.5,1.15,A,819.6132433470393,42.30668025470445,0.4217531512212947,819.646987334546,42.312167589094514,0.42171342104737747,0.3634349321343261,0.3634517926975461,2.4156022343375e-105,0.0
Sensitivity,Limited,0.5,1.15,B,890.3609886795161,45.95852734821831,0.4581582298092449,890.463890548874,45.967908076459125,0.45814915372738535,0.08405350486208875,0.08400085327253495,7.177927377396293e-170,0.0
Sensitivity,Unlimited,0.5,1.15,A,819.6132433470393,42.30668025470445,0.4217531512212947,819.646987334546,42.312167589094514,0.42171342104737747,0.3634349321343261,0.3634517926975461,0.0,0.0
Sensitivity,Unlimited,0.5,1.15,B,890.3609886795161,45.95852734821831,0.4581582298092449,890.463890548874,45.967908076459125,0.45814915372738535,0.08405350486208875,0.08400085327253495,0.0,0.0
Sensitivity,Limited,0.5,1.2,A,827.2688059469224,42.70184400018091,0.4079553302979627,827.3042247019663,42.707452773773085,0.4079175702799195,0.3494561088846014,0.3494344357456414,5.792762530075802e-101,0.0
Sensitivity,Limited,0.5,1.2,B,922.9029409948394,47.63827323158892,0.4551158842446035,923.0099813089881,47.64801630340458,0.45510705454854117,0.08003317624604972,0.07997182929869165,8.443328258901383e-163,0.0
Sensitivity,Unlimited,0.5,1.2,A,827.2688059469224,42.70184400018091,0.4079553302979627,827.3042247019663,42.707452773773085,0.4079175702799195,0.3494561088846014,0.3494344357456414,0.0,0.0
Sensitivity,Unlimited,0.5,1.2,B,922.9029409948394,47.63827323158892,0.4551158842446035,923.0099813089881,47.64801630340458,0.45510705454854117,0.08003317624604972,0.07997182929869165,0.0,0.0
Sensitivity,Limited,0.5,1.25,A,834.3608729663736,43.06792131063478,0.3949945707476743,834.3965566298913,43.07357616807448,0.3949579920335732,0.3363933804957248,0.33637263245347543,6.197091962144393e-97,0.0
Sensitivity,Limited,0.5,1.25,B,955.4200768150906,49.31673814063343,0.4523051779544511,955.5311670656968,49.3268388736049,0.45229653462863373,0.07634730029777143,0.07629056114911914,2.6990896335538135e-156,0.0
Sensitivity,Unlimited,0.5,1.25,A,834.3608729663736,43.06792131063478,0.3949945707476743,834.3965566298913,43.07357616807448,0.3949579920335732,0.3363933804957248,0.33637263245347543,0.0,0.0
Sensitivity,Unlimited,0.5,1.25,B,955.4200768150906,49.31673814063343,0.4523051779544511,955.5311670656968,49.3268388736049,0.45229653462863373,0.07634730029777143,0.07629056114911914,0.0,0.0
Sensitivity,Limited,0.5,1.3,A,840.947025771032,43.40788441283826,0.38280049970027646,840.9834128401404,43.413605678534424,0.38276524217237234,0.3241655026808055,0.324130937816408,3.24629250128382e-93,0.0
Sensitivity,Limited,0.5,1.3,B,987.9153369275198,50.9940738724914,0.44970072198149214,988.0305433689193,51.004535586862914,0.44969228219271984,0.07295710927661907,0.07291520654549608,2.725225294322492e-150,0.0
Sensitivity,Unlimited,0.5,1.3,A,840.947025771032,43.40788441283826,0.38280049970027646,840.9834128401404,43.413605678534424,0.38276524217237234,0.3241655026808055,0.324130937816408,0.0,0.0
Sensitivity,Unlimited,0.5,1.3,B,987.9153369275198,50.9940738724914,0.44970072198149214,988.0305433689193,51.004535586862914,0.44969228219271984,0.07295710927661907,0.07291520654549608,0.0,0.0
Sensitivity,Limited,0.6,1.0,A,792.5479270990403,49.09155191497167,0.46899989321835855,792.5265850224332,49.09001917723448,0.46895535002876204,0.41183640070522204,0.41187989299006394,4.113028205962841e-121,0.0
Sensitivity,Limited,0.6,1.0,B,792.5479270990403,49.09155191497167,0.46899989321835855,792.5920578326343,49.09407463930869,0.46899409172551454,0.09862267526693197,0.09859197996343756,2.51637685423477e-195,0.0
Sensitivity,Unlimited,0.6,1.0,A,792.5479270990403,49.09155191497167,0.46899989321835855,792.5265850224332,49.09001917723448,0.46895535002876204,0.41183640070522204,0.41187989299006394,0.0,0.0
Sensitivity,Unlimited,0.6,1.0,B,792.5479270990403,49.09155191497167,0.46899989321835855,792.5920578326343,49.09407463930869,0.46899409172551454,0.09862267526693197,0.09859197996343756,0.0,0.0
Sensitivity,Limited,0.6,1.05,A,802.3358286817999,49.697828535298534,0.4521828602357388,802.3153716266355,49.69634801364638,0.4521405615253783,0.3945164927175068,0.39454492653706025,2.351123710677597e-115,0.0
Sensitivity,Limited,0.6,1.05,B,825.1880458566653,51.11332754482648,0.465061982113963,825.2341230925036,51.11596215686895,0.46505630204799725,0.09328878033482191,0.09326511849212261,4.945157848362812e-186,0.0
Sensitivity,Unlimited,0.6,1.05,A,802.3358286817999,49.697828535298534,0.4521828602357388,802.3153716266355,49.69634801364638,0.4521405615253783,0.3945164927175068,0.39454492653706025,0.0,0.0
Sensitivity,Unlimited,0.6,1.05,B,825.1880458566653,51.11332754482648,0.465061982113963,825.2341230925036,51.11596215686895,0.46505630204799725,0.09328878033482191,0.09326511849212261,0.0,0.0
Sensitivity,Limited,0.6,1.1,A,811.3278433323724,50.25480678096065,0.4364664886241157,811.310073270084,50.2534903032743,0.4364272288176626,0.37842096469908454,0.37851361656684396,4.0252718715688735e-110,0.0
Sensitivity,Limited,0.6,1.1,B,857.7907395298497,53.132785011434734,0.4614619295192853,857.8388604899628,53.135537543181904,0.4614564135099848,0.08845397376282428,0.08842717259882298,1.3883820264743596e-177,0.0
Sensitivity,Unlimited,0.6,1.1,A,811.3278433323724,50.25480678096065,0.4364664886241157,811.310073270084,50.2534903032743,0.4364272288176626,0.37842096469908454,0.37851361656684396,0.0,0.0
Sensitivity,Unlimited,0.6,1.1,B,857.7907395298497,53.132785011434734,0.4614619295192853,857.8388604899628,53.135537543181904,0.4614564135099848,0.08845397376282428,0.08842717259882298,0.0,0.0
ADAS,Limited,0.6,1.15,A,819.6132433470393,50.76801630564533,0.4217531512212947,819.5981147619647,50.766861240561674,0.42171666738937125,0.3634349321343261,0.3635011444085875,2.4156022343375e-105,0.0
ADAS,Limited,0.6,1.15,B,890.3609886795161,55.15023281786197,0.4581582298092449,890.4111166175963,55.15310100183367,0.4581528458194149,0.08405350486208875,0.08403103306227826,7.177927377396293e-170,0.0
ADAS,Unlimited,0.6,1.15,A,819.6132433470393,50.76801630564533,0.4217531512212947,819.5981147619647,50.766861240561674,0.42171666738937125,0.3634349321343261,0.3635011444085875,0.0,0.0
ADAS,Unlimited,0.6,1.15,B,890.3609886795161,55.15023281786197,0.4581582298092449,890.4111166175963,55.15310100183367,0.4581528458194149,0.08405350486208875,0.08403103306227826,0.0,0.0
Sensitivity,Limited,0.6,1.2,A,827.2688059469224,51.24221280021709,0.4079553302979627,827.2553678799609,51.241160411732984,0.4079209433253462,0.3494561088846014,0.3494932707431846,5.792762530075802e-101,0.0
Sensitivity,Limited,0.6,1.2,B,922.9029409948394,57.16592787790669,0.4551158842446035,922.9551113031455,57.16891391386639,0.45511063967415694,0.08003317624604972,0.08000321078887054,8.443328258901383e-163,0.0
Sensitivity,Unlimited,0.6,1.2,A,827.2688059469224,51.24221280021709,0.4079553302979627,827.2553678799609,51.241160411732984,0.4079209433253462,0.3494561088846014,0.3494932707431846,0.0,0.0
Sensitivity,Unlimited,0.6,1.2,B,922.9029409948394,57.16592787790669,0.4551158842446035,922.9551113031455,57.16891391386639,0.45511063967415694,0.08003317624604972,0.08000321078887054,0.0,0.0
Sensitivity,Limited,0.6,1.25,A,834.3608729663736,51.68150557276173,0.3949945707476743,834.348246475376,51.68050156804368,0.39496171496699356,0.3363933804957248,0.33643649318569474,6.197091962144393e-97,0.0
Sensitivity,Limited,0.6,1.25,B,955.4200768150906,59.18008576876011,0.4523051779544511,955.4741984177092,59.18318402195987,0.452300019336002,0.07634730029777143,0.07631674470954404,2.6990896335538135e-156,0.0
Sensitivity,Unlimited,0.6,1.25,A,834.3608729663736,51.68150557276173,0.3949945707476743,834.348246475376,51.68050156804368,0.39496171496699356,0.3363933804957248,0.33643649318569474,0.0,0.0
Sensitivity,Unlimited,0.6,1.25,B,955.4200768150906,59.18008576876011,0.4523051779544511,955.4741984177092,59.18318402195987,0.452300019336002,0.07634730029777143,0.07631674470954404,0.0,0.0
Sensitivity,Limited,0.6,1.3,A,840.947025771032,52.0894612954059,0.38280049970027646,840.9356246435507,52.08853143948861,0.38276926134254075,0.3241655026808055,0.32419774998093354,3.24629250128382e-93,0.0
Sensitivity,Limited,0.6,1.3,B,987.9153369275198,61.19288864698967,0.44970072198149214,987.9714469396858,61.196101422208386,0.44969566027473085,0.07295710927661907,0.07293663386758441,2.725225294322492e-150,0.0
Sensitivity,Unlimited,0.6,1.3,A,840.947025771032,52.0894612954059,0.38280049970027646,840.9356246435507,52.08853143948861,0.38276926134254075,0.3241655026808055,0.32419774998093354,0.0,0.0
Sensitivity,Unlimited,0.6,1.3,B,987.9153369275198,61.19288864698967,0.44970072198149214,987.9714469396858,61.196101422208386,0.44969566027473085,0.07295710927661907,0.07293663386758441,0.0,0.0
Sensitivity,Limited,0.7,1.0,A,792.5479270990403,57.2734772341336,0.46899989321835855,792.5533725500102,57.27382349923088,0.4689239763143063,0.41183640070522204,0.411819966589055,4.113028205962841e-121,0.0
Sensitivity,Limited,0.7,1.0,B,792.5479270990403,57.2734772341336,0.46899989321835855,792.6569846570623,57.281311022137494,0.4689852796951459,0.09862267526693197,0.09858655944122947,2.51637685423477e-195,0.0
Sensitivity,Unlimited,0.7,1.0,A,792.5479270990403,57.2734772341336,0.46899989321835855,792.5533725500102,57.27382349923088,0.4689239763143063,0.41183640070522204,0.411819966589055,0.0,0.0
Sensitivity,Unlimited,0.7,1.0,B,792.5479270990403,57.2734772341336,0.46899989321835855,792.6569846570623,57.281311022137494,0.4689852796951459,0.09862267526693197,0.09858655944122947,0.0,0.0
Sensitivity,Limited,0.7,1.05,A,802.3358286817999,57.980799957848284,0.4521828602357388,802.3407641255849,57.98110878377107,0.4521093402229695,0.3945164927175068,0.39449554944636916,2.351123710677597e-115,0.0
Sensitivity,Limited,0.7,1.05,B,825.1880458566653,59.63221546896422,0.465061982113963,825.302302345817,59.64042301148693,0.4650478899756638,0.09328878033482191,0.09326630332035692,4.945157848362812e-186,0.0
Sensitivity,Unlimited,0.7,1.05,A,802.3358286817999,57.980799957848284,0.4521828602357388,802.3407641255849,57.98110878377107,0.4521093402229695,0.3945164927175068,0.39449554944636916,0.0,0.0
Sensitivity,Unlimited,0.7,1.05,B,825.1880458566653,59.63221546896422,0.465061982113963,825.302302345817,59.64042301148693,0.4650478899756638,0.09328878033482191,0.09326630332035692,0.0,0.0
Sensitivity,Limited,0.7,1.1,A,811.3278433323724,58.63060791112075,0.4364664886241157,811.3336512503539,58.630979250255045,0.43639596345282305,0.37842096469908454,0.37843523073747154,4.0252718715688735e-110,0.0
Sensitivity,Limited,0.7,1.1,B,857.7907395298497,61.98824918000718,0.4614619295192853,857.9103219629758,61.99683965785577,0.4614483830815851,0.08845397376282428,0.08843751649312885,1.3883820264743596e-177,0.0
Sensitivity,Unlimited,0.7,1.1,A,811.3278433323724,58.63060791112075,0.4364664886241157,811.3336512503539,58.630979250255045,0.43639596345282305,0.37842096469908454,0.37843523073747154,0.0,0.0
Sensitivity,Unlimited,0.7,1.1,B,857.7907395298497,61.98824918000718,0.4614619295192853,857.9103219629758,61.99683965785577,0.4614483830815851,0.08845397376282428,0.08843751649312885,0.0,0.0
Sensitivity,Limited,0.7,1.15,A,819.6132433470393,59.22935235658621,0.4217531512212947,819.6191890227639,59.22973315681707,0.42168504382176175,0.3634349321343261,0.36342446659681815,2.4156022343375e-105,0.0
Sensitivity,Limited,0.7,1.15,B,890.3609886795161,64.34193828750563,0.4581582298092449,890.485848843914,64.35090821852621,0.45814515963214647,0.08405350486208875,0.08403031721799487,7.177927377396293e-170,0.0
Sensitivity,Unlimited,0.7,1.15,A,819.6132433470393,59.22935235658621,0.4217531512212947,819.6191890227639,59.22973315681707,0.42168504382176175,0.3634349321343261,0.36342446659681815,0.0,0.0
Sensitivity,Unlimited,0.7,1.15,B,890.3609886795161,64.34193828750563,0.4581582298092449,890.485848843914,64.35090821852621,0.45814515963214647,0.08405350486208875,0.08403031721799487,0.0,0.0
Sensitivity,Limited,0.7,1.2,A,827.2688059469224,59.78258160025326,0.4079553302979627,827.2743274507133,59.7829312913148,0.4078892145383072,0.3494561088846014,0.34942999054783713,5.792762530075802e-101,0.0
Sensitivity,Limited,0.7,1.2,B,922.9029409948394,66.69358252422447,0.4551158842446035,923.0330783194923,66.70293186883957,0.45510325271279983,0.08003317624604972,0.08000413257094982,8.443328258901383e-163,0.0
Sensitivity,Unlimited,0.7,1.2,A,827.2688059469224,59.78258160025326,0.4079553302979627,827.2743274507133,59.7829312913148,0.4078892145383072,0.3494561088846014,0.34942999054783713,0.0,0.0
Sensitivity,Unlimited,0.7,1.2,B,922.9029409948394,66.69358252422447,0.4551158842446035,923.0330783194923,66.70293186883957,0.45510325271279983,0.08003317624604972,0.08000413257094982,0.0,0.0
Sensitivity,Limited,0.7,1.25,A,834.3608729663736,60.29508983488868,0.3949945707476743,834.3654883461527,60.2953736221364,0.3949301041880484,0.3363933804957248,0.33637566608716024,6.197091962144393e-97,0.0
Sensitivity,Limited,0.7,1.25,B,955.4200768150906,69.04343339688678,0.4523051779544511,955.5554395990088,69.05315842040687,0.4522929274871093,0.07634730029777143,0.07632370340794019,2.6990896335538135e-156,0.0
Sensitivity,Unlimited,0.7,1.25,A,834.3608729663736,60.29508983488868,0.3949945707476743,834.3654883461527,60.2953736221364,0.3949301041880484,0.3363933804957248,0.33637566608716024,0.0,0.0
Sensitivity,Unlimited,0.7,1.25,B,955.4200768150906,69.04343339688678,0.4523051779544511,955.5554395990088,69.05315842040687,0.4522929274871093,0.07634730029777143,0.07632370340794019,0.0,0.0
Sensitivity,Limited,0.7,1.3,A,840.947025771032,60.77103817797354,0.38280049970027646,840.9511396178642,60.77128532931886,0.38273777847810414,0.3241655026808055,0.32414027260964245,3.24629250128382e-93,0.0
Sensitivity,Limited,0.7,1.3,B,987.9153369275198,71.39170342148795,0.44970072198149214,988.0559812177789,71.40180817545588,0.44968885045466295,0.07295710927661907,0.0729411226815902,2.725225294322492e-150,0.0
Sensitivity,Unlimited,0.7,1.3,A,840.947025771032,60.77103817797354,0.38280049970027646,840.9511396178642,60.77128532931886,0.38273777847810414,0.3241655026808055,0.32414027260964245,0.0,0.0
Sensitivity,Unlimited,0.7,1.3,B,987.9153369275198,71.39170342148795,0.44970072198149214,988.0559812177789,71.40180817545588,0.44968885045466295,0.07295710927661907,0.0729411226815902,0.0,0.0
Sensitivity,Limited,0.8,1.0,A,792.5479270990403,65.45540255329557,0.46899989321835855,792.5786923036605,65.45797726844917,0.46889603397197543,0.41183640070522204,0.41179920002534004,4.113028205962841e-121,0.0
Sensitivity,Limited,0.8,1.0,B,792.5479270990403,65.45540255329557,0.46899989321835855,792.7169596732898,65.46939657914481,0.4689778340782317,0.09862267526693197,0.09858198858787028,2.51637685423477e-195,0.0
Sensitivity,Unlimited,0.8,1.0,A,792.5479270990403,65.45540255329557,0.46899989321835855,792.5786923036605,65.45797726844917,0.46889603397197543,0.41183640070522204,0.41179920002534004,0.0,0.0
Sensitivity,Unlimited,0.8,1.0,B,792.5479270990403,65.45540255329557,0.46899989321835855,792.7169596732898,65.46939657914481,0.4689778340782317,0.09862267526693197,0.09858198858787028,0.0,0.0
Sensitivity,Limited,0.8,1.05,A,802.3358286817999,66.26377138039807,0.4521828602357388,802.3665512415652,66.26634299173395,0.4520824869893089,0.3945164927175068,0.3944814864072792,2.351123710677597e-115,0.0
Sensitivity,Limited,0.8,1.05,B,825.1880458566653,68.15110339310199,0.465061982113963,825.3652340040605,68.1657723709115,0.46504078103167457,0.09328878033482191,0.09325982651168292,4.945157848362812e-186,0.0
Sensitivity,Unlimited,0.8,1.05,A,802.3358286817999,66.26377138039807,0.4521828602357388,802.3665512415652,66.26634299173395,0.4520824869893089,0.3945164927175068,0.3944814864072792,0.0,0.0
Sensitivity,Unlimited,0.8,1.05,B,825.1880458566653,68.15110339310199,0.465061982113963,825.3652340040605,68.1657723709115,0.46504078103167457,0.09328878033482191,0.09325982651168292,0.0,0.0
Sensitivity,Limited,0.8,1.1,A,811.3278433323724,67.00640904128088,0.4364664886241157,811.3596097024753,67.00906724362761,0.43636998022328577,0.37842096469908454,0.37840314456898033,4.0252718715688735e-110,0.0
Sensitivity,Limited,0.8,1.1,B,857.7907395298497,70.84371334857966,0.4614619295192853,857.9762196391142,70.85906854090646,0.4614415870827734,0.08845397376282428,0.08843562652751076,1.3883820264743596e-177,0.0
Sensitivity,Unlimited,0.8,1.1,A,811.3278433323724,67.00640904128088,0.4364664886241157,811.3596097024753,67.00906724362761,0.43636998022328577,0.37842096469908454,0.37840314456898033,0.0,0.0
Sensitivity,Unlimited,0.8,1.1,B,857.7907395298497,70.84371334857966,0.4614619295192853,857.9762196391142,70.85906854090646,0.4614415870827734,0.08845397376282428,0.08843562652751076,0.0,0.0
Sensitivity,Limited,0.8,1.15,A,819.6132433470393,67.69068840752712,0.4217531512212947,819.6448768092675,67.6933359871679,0.4216596608703643,0.3634349321343261,0.3633991154422542,2.4156022343375e-105,0.0
Sensitivity,Limited,0.8,1.15,B,890.3609886795161,73.5336437571493,0.4581582298092449,890.5547349698452,73.54968303340631,0.4581386624359563,0.08405350486208875,0.08402727078027315,7.177927377396293e-170,0.0
Sensitivity,Unlimited,0.8,1.15,A,819.6132433470393,67.69068840752712,0.4217531512212947,819.6448768092675,67.6933359871679,0.4216596608703643,0.3634349321343261,0.3633991154422542,0.0,0.0
Sensitivity,Unlimited,0.8,1.15,B,890.3609886795161,73.5336437571493,0.4581582298092449,890.5547349698452,73.54968303340631,0.4581386624359563,0.08405350486208875,0.08402727078027315,0.0,0.0
Sensitivity,Limited,0.8,1.2,A,827.2688059469224,68.32295040028946,0.4079553302979627,827.3000935476381,68.32556974276996,0.4078645823394877,0.3494561088846014,0.34940619419025015,5.792762530075802e-101,0.0
Sensitivity,Limited,0.8,1.2,B,922.9029409948394,76.22123717054227,0.4551158842446035,923.10491617405,76.23795744961082,0.45509701259229557,0.08003317624604972,0.07999782924077575,8.443328258901383e-163,0.0
Sensitivity,Unlimited,0.8,1.2,A,827.2688059469224,68.32295040028946,0.4079553302979627,827.3000935476381,68.32556974276996,0.4078645823394877,0.3494561088846014,0.34940619419025015,0.0,0.0
Sensitivity,Unlimited,0.8,1.2,B,922.9029409948394,76.22123717054227,0.4551158842446035,923.10491617405,76.23795744961082,0.45509701259229557,0.08003317624604972,0.07999782924077575,0.0,0.0
Sensitivity,Limited,0.8,1.25,A,834.3608729663736,68.90867409701565,0.3949945707476743,834.3911179139554,68.91120763120638,0.39490608543526173,0.3363933804957248,0.3363439581067686,6.197091962144393e-97,0.0
Sensitivity,Limited,0.8,1.25,B,955.4200768150906,78.9067810250135,0.4523051779544511,955.6302271874736,78.92417787117901,0.4522869240095768,0.07634730029777143,0.07631477926691495,2.6990896335538135e-156,0.0
Sensitivity,Unlimited,0.8,1.25,A,834.3608729663736,68.90867409701565,0.3949945707476743,834.3911179139554,68.91120763120638,0.39490608543526173,0.3363933804957248,0.3363439581067686,0.0,0.0
Sensitivity,Unlimited,0.8,1.25,B,955.4200768150906,78.9067810250135,0.4523051779544511,955.6302271874736,78.92417787117901,0.4522869240095768,0.07634730029777143,0.07631477926691495,0.0,0.0
Sensitivity,Limited,0.8,1.3,A,840.947025771032,69.4526150605412,0.38280049970027646,840.9763899156742,69.4550761318119,0.3827142365747475,0.3241655026808055,0.32410290057409363,3.24629250128382e-93,0.0
Sensitivity,Limited,0.8,1.3,B,987.9153369275198,81.59051819598625,0.44970072198149214,988.133697202041,81.60859447487964,0.4496830566151586,0.07295710927661907,0.07293169799576252,2.725225294322492e-150,0.0
Sensitivity,Unlimited,0.8,1.3,A,840.947025771032,69.4526150605412,0.38280049970027646,840.9763899156742,69.4550761318119,0.3827142365747475,0.3241655026808055,0.32410290057409363,0.0,0.0
Sensitivity,Unlimited,0.8,1.3,B,987.9153369275198,81.59051819598625,0.44970072198149214,988.133697202041,81.60859447487964,0.4496830566151586,0.07295710927661907,0.07293169799576252,0.0,0.0
Sensitivity,Limited,0.9,1.0,A,792.5479270990403,73.63732787245752,0.46899989321835855,792.5930146505001,73.64147509576462,0.46890357732150884,0.41183640070522204,0.4117908140524917,4.113028205962841e-121,0.0
Sensitivity,Limited,0.9,1.0,B,792.5479270990403,73.63732787245752,0.46899989321835855,792.7219907659357,73.65345853646778,0.4689798804945105,0.09862267526693197,0.09856075568721454,2.51637685423477e-195,0.0
Sensitivity,Unlimited,0.9,1.0,A,792.5479270990403,73.63732787245752,0.46899989321835855,792.5930146505001,73.64147509576462,0.46890357732150884,0.41183640070522204,0.4117908140524917,0.0,0.0
Sensitivity,Unlimited,0.9,1.0,B,792.5479270990403,73.63732787245752,0.46899989321835855,792.7219907659357,73.65345853646778,0.4689798804945105,0.09862267526693197,0.09856075568721454,0.0,0.0
Sensitivity,Limited,0.9,1.05,A,802.3358286817999,74.54674280294782,0.4521828602357388,802.381308501421,74.5509259545644,0.45208990524076587,0.3945164927175068,0.3944803007987378,2.351123710677597e-115,0.0
Sensitivity,Limited,0.9,1.05,B,825.1880458566653,76.66999131723973,0.465061982113963,825.3703316428428,76.68688418767032,0.4650427310150776,0.09328878033482191,0.09323374184707842,4.945157848362812e-186,0.0
Sensitivity,Unlimited,0.9,1.05,A,802.3358286817999,74.54674280294782,0.4521828602357388,802.381308501421,74.5509259545644,0.45208990524076587,0.3945164927175068,0.3944803007987378,0.0,0.0
Sensitivity,Unlimited,0.9,1.05,B,825.1880458566653,76.66999131723973,0.465061982113963,825.3703316428428,76.68688418767032,0.4650427310150776,0.09328878033482191,0.09323374184707842,0.0,0.0
Sensitivity,Limited,0.9,1.1,A,811.3278433323724,75.38221017144099,0.4364664886241157,811.374936703465,75.38654276548651,0.43637735811077893,0.37842096469908454,0.37840136028795907,4.0252718715688735e-110,0.0
Sensitivity,Limited,0.9,1.1,B,857.7907395298497,79.69917751715211,0.4614619295192853,857.98136274478,79.71684330962837,0.4614434381027561,0.08845397376282428,0.08841047298773555,1.3883820264743596e-177,0.0
Sensitivity,Unlimited,0.9,1.1,A,811.3278433323724,75.38221017144099,0.4364664886241157,811.374936703465,75.38654276548651,0.43637735811077893,0.37842096469908454,0.37840136028795907,0.0,0.0
Sensitivity,Unlimited,0.9,1.1,B,857.7907395298497,79.69917751715211,0.4614619295192853,857.98136274478,79.71684330962837,0.4614434381027561,0.08845397376282428,0.08841047298773555,0.0,0.0
Sensitivity,Limited,0.9,1.15,A,819.6132433470393,76.152024458468,0.4217531512212947,819.660912401428,76.15641010184542,0.4216670740560063,0.3634349321343261,0.36340163344938997,2.4156022343375e-105,0.0
Sensitivity,Limited,0.9,1.15,B,890.3609886795161,82.72534922679297,0.4581582298092449,890.5599347270633,82.74378658687489,0.4581404288850098,0.08405350486208875,0.08400097158505483,7.177927377396293e-170,0.0
Sensitivity,Unlimited,0.9,1.15,A,819.6132433470393,76.152024458468,0.4217531512212947,819.660912401428,76.15641010184542,0.4216670740560063,0.3634349321343261,0.36340163344938997,0.0,0.0
Sensitivity,Unlimited,0.9,1.15,B,890.3609886795161,82.72534922679297,0.4581582298092449,890.5599347270633,82.74378658687489,0.4581404288850098,0.08405350486208875,0.08400097158505483,0.0,0.0
Sensitivity,Limited,0.9,1.2,A,827.2688059469224,76.86331920032565,0.4079553302979627,827.3170737631712,76.86776007065454,0.40787214486299656,0.3494561088846014,0.3494174041415406,5.792762530075802e-101,0.0
Sensitivity,Limited,0.9,1.2,B,922.9029409948394,85.74889181686005,0.4551158842446035,923.1101646509985,85.76809654418872,0.45509869763526384,0.08003317624604972,0.0799714637789019,8.443328258901383e-163,0.0
Sensitivity,Unlimited,0.9,1.2,A,827.2688059469224,76.86331920032565,0.4079553302979627,827.3170737631712,76.86776007065454,0.40787214486299656,0.3494561088846014,0.3494174041415406,0.0,0.0
Sensitivity,Unlimited,0.9,1.2,B,922.9029409948394,85.74889181686005,0.4551158842446035,923.1101646509985,85.76809654418872,0.45509869763526384,0.08003317624604972,0.0799714637789019,0.0,0.0
Sensitivity,Limited,0.9,1.25,A,834.3608729663736,77.52225835914261,0.3949945707476743,834.4092543394704,77.52670940484026,0.39491388602003097,0.3363933804957248,0.33634952488207887,6.197091962144393e-97,0.0
Sensitivity,Limited,0.9,1.25,B,955.4200768150906,88.77012865314018,0.4523051779544511,955.6355396960016,88.79009718270456,0.4522885414291666,0.07634730029777143,0.0762888645322936,2.6990896335538135e-156,0.0
Sensitivity,Unlimited,0.9,1.25,A,834.3608729663736,77.52225835914261,0.3949945707476743,834.4092543394704,77.52670940484026,0.39491388602003097,0.3363933804957248,0.33634952488207887,0.0,0.0
Sensitivity,Unlimited,0.9,1.25,B,955.4200768150906,88.77012865314018,0.4523051779544511,955.6355396960016,88.79009718270456,0.4522885414291666,0.07634730029777143,0.0762888645322936,0.0,0.0
Sensitivity,Limited,0.9,1.3,A,840.947025771032,78.13419194310886,0.38280049970027646,840.9956355619936,78.13866386293442,0.3827222359808501,0.3241655026808055,0.3241120219314403,3.24629250128382e-93,0.0
Sensitivity,Limited,0.9,1.3,B,987.9153369275198,91.78933297048452,0.44970072198149214,988.1390385934217,91.81006526258354,0.44968459563731505,0.07295710927661907,0.07289884291917569,2.725225294322492e-150,0.0
Sensitivity,Unlimited,0.9,1.3,A,840.947025771032,78.13419194310886,0.38280049970027646,840.9956355619936,78.13866386293442,0.3827222359808501,0.3241655026808055,0.3241120219314403,0.0,0.0
Sensitivity,Unlimited,0.9,1.3,B,987.9153369275198,91.78933297048452,0.44970072198149214,988.1390385934217,91.81006526258354,0.44968459563731505,0.07295710927661907,0.07289884291917569,0.0,0.0
Baseline,Limited,1.0,1.0,A,792.5479270990403,81.81925319161945,0.46899989321835855,792.5904134763043,81.82375930370517,0.4689121203334573,0.41183640070522204,0.4117961017192203,4.113028205962841e-121,0.0
Baseline,Limited,1.0,1.0,B,792.5479270990403,81.81925319161945,0.46899989321835855,792.7066221812152,81.8357562102258,0.4689808716951877,0.09862267526693197,0.09858823485651325,2.51637685423477e-195,0.0
Baseline,Unlimited,1.0,1.0,A,792.5479270990403,81.81925319161945,0.46899989321835855,792.5904134763043,81.82375930370517,0.4689121203334573,0.41183640070522204,0.4117961017192203,0.0,0.0
Baseline,Unlimited,1.0,1.0,B,792.5479270990403,81.81925319161945,0.46899989321835855,792.7066221812152,81.8357562102258,0.4689808716951877,0.09862267526693197,0.09858823485651325,0.0,0.0
Sensitivity,Limited,1.0,1.05,A,802.3358286817999,82.82971422549757,0.4521828602357388,802.3786197687327,82.8342532764671,0.45209811068779404,0.3945164927175068,0.3944798333075477,2.351123710677597e-115,0.0
Sensitivity,Limited,1.0,1.05,B,825.1880458566653,85.18887924137748,0.465061982113963,825.3544029473746,85.20617819589398,0.4650437549394197,0.09328878033482191,0.0932602223095562,4.945157848362812e-186,0.0
Sensitivity,Unlimited,1.0,1.05,A,802.3358286817999,82.82971422549757,0.4521828602357388,802.3786197687327,82.8342532764671,0.45209811068779404,0.3945164927175068,0.3944798333075477,0.0,0.0
Sensitivity,Unlimited,1.0,1.05,B,825.1880458566653,85.18887924137748,0.465061982113963,825.3544029473746,85.20617819589398,0.4650437549394197,0.09328878033482191,0.0932602223095562,0.0,0.0
Sensitivity,Limited,1.0,1.1,A,811.3278433323724,83.7580113016011,0.4364664886241157,811.3719091597516,83.7626833129241,0.43638511235857413,0.37842096469908454,0.3783955591868516,4.0252718715688735e-110,0.0
Sensitivity,Limited,1.0,1.1,B,857.7907395298497,88.55464168572456,0.4614619295192853,857.9648595178144,88.57274698581963,0.4614444835884418,0.08845397376282428,0.08843304344571404,1.3883820264743596e-177,0.0
Sensitivity,Unlimited,1.0,1.1,A,811.3278433323724,83.7580113016011,0.4364664886241157,811.3719091597516,83.7626833129241,0.43638511235857413,0.37842096469908454,0.3783955591868516,0.0,0.0
Sensitivity,Unlimited,1.0,1.1,B,857.7907395298497,88.55464168572456,0.4614619295192853,857.9648595178144,88.57274698581963,0.4614444835884418,0.08845397376282428,0.08843304344571404,0.0,0.0
Sensitivity,Limited,1.0,1.15,A,819.6132433470393,84.6133605094089,0.4217531512212947,819.6574682365043,84.61805019607795,0.4216743684823277,0.3634349321343261,0.3633980197657659,2.4156022343375e-105,0.0
Sensitivity,Limited,1.0,1.15,B,890.3609886795161,91.91705469643662,0.4581582298092449,890.5428282321535,91.93596186372127,0.4581414789145884,0.08405350486208875,0.08402106911136738,7.177927377396293e-170,0.0
Sensitivity,Unlimited,1.0,1.15,A,819.6132433470393,84.6133605094089,0.4217531512212947,819.6574682365043,84.61805019607795,0.4216743684823277,0.3634349321343261,0.3633980197657659,0.0,0.0
Sensitivity,Unlimited,1.0,1.15,B,890.3609886795161,91.91705469643662,0.4581582298092449,890.5428282321535,91.93596186372127,0.4581414789145884,0.08405350486208875,0.08402106911136738,0.0,0.0
Sensitivity,Limited,1.0,1.2,A,827.2688059469224,85.40368800036183,0.4079553302979627,827.313265237809,85.40840304473944,0.4078790368755987,0.3494561088846014,0.34940929638911933,5.792762530075802e-101,0.0
Sensitivity,Limited,1.0,1.2,B,922.9029409948394,95.27654646317784,0.4551158842446035,923.092456842049,95.29625102634148,0.45509975249295476,0.08003317624604972,0.07999289549248523,8.443328258901383e-163,0.0
Sensitivity,Unlimited,1.0,1.2,A,827.2688059469224,85.40368800036183,0.4079553302979627,827.313265237809,85.40840304473944,0.4078790368755987,0.3494561088846014,0.34940929638911933,0.0,0.0
Sensitivity,Unlimited,1.0,1.2,B,922.9029409948394,95.27654646317784,0.4551158842446035,923.092456842049,95.29625102634148,0.45509975249295476,0.08003317624604972,0.07999289549248523,0.0,0.0
Sensitivity,Limited,1.0,1.25,A,834.3608729663736,86.13584262126956,0.3949945707476743,834.4050001386926,86.14052445285805,0.3949203635868306,0.3363933804957248,0.33634195820390644,6.197091962144393e-97,0.0
Sensitivity,Limited,1.0,1.25,B,955.4200768150906,98.63347628126687,0.4523051779544511,955.6172192818209,98.65397310830511,0.4522895951317208,0.07634730029777143,0.07630640544427834,2.6990896335538135e-156,0.0
Sensitivity,Unlimited,1.0,1.25,A,834.3608729663736,86.13584262126956,0.3949945707476743,834.4050001386926,86.14052445285805,0.3949203635868306,0.3363933804957248,0.33634195820390644,0.0,0.0
Sensitivity,Unlimited,1.0,1.25,B,955.4200768150906,98.63347628126687,0.4523051779544511,955.6172192818209,98.65397310830511,0.4522895951317208,0.07634730029777143,0.07630640544427834,0.0,0.0
Sensitivity,Limited,1.0,1.3,A,840.947025771032,86.81576882567651,0.38280049970027646,840.9909661678232,86.82043237249387,0.3827283399053032,0.3241655026808055,0.32411043417584284,3.24629250128382e-93,0.0
Sensitivity,Limited,1.0,1.3,B,987.9153369275198,101.9881477449828,0.44970072198149214,988.1201047888612,102.00943670612904,0.449685647702222,0.07295710927661907,0.07291868752437863,2.725225294322492e-150,0.0
Sensitivity,Unlimited,1.0,1.3,A,840.947025771032,86.81576882567651,0.38280049970027646,840.9909661678232,86.82043237249387,0.3827283399053032,0.3241655026808055,0.32411043417584284,0.0,0.0
Sensitivity,Unlimited,1.0,1.3,B,987.9153369275198,101.9881477449828,0.44970072198149214,988.1201047888612,102.00943670612904,0.449685647702222,0.07295710927661907,0.07291868752437863,0.0,0.0
